{
  "average_frame_build_time_millis": 9.321052631578949,
  "90th_percentile_frame_build_time_millis": 13.437,
  "99th_percentile_frame_build_time_millis": 52.828,
  "worst_frame_build_time_millis": 52.828,
  "missed_frame_build_budget_count": 2,
  "average_frame_rasterizer_time_millis": 2.766052631578947,
  "stddev_frame_rasterizer_time_millis": 0.7062825484764541,
  "90th_percentile_frame_rasterizer_time_millis": 3.814,
  "99th_percentile_frame_rasterizer_time_millis": 6.037,
  "worst_frame_rasterizer_time_millis": 6.037,
  "missed_frame_rasterizer_budget_count": 0,
  "frame_count": 19,
  "frame_rasterizer_count": 19,
  "new_gen_gc_count": 10,
  "old_gen_gc_count": 2,
  "frame_build_times": [
    52828,
    20287,
    927,
    1937,
    732,
    11721,
    2078,
    10408,
    1988,
    13437,
    1593,
    11734,
    4268,
    12436,
    1679,
    12254,
    2611,
    12842,
    1340
  ],
  "frame_rasterizer_times": [
    3253,
    4242,
    1581,
    2405,
    2291,
    3120,
    3814,
    1583,
    6037,
    2307,
    2239,
    2115,
    2742,
    2104,
    2460,
    2342,
    2748,
    2332,
    2840
  ],
  "frame_begin_times": [
    0,
    77114,
    208416,
    325360,
    442523,
    458793,
    508804,
    527579,
    575636,
    592035,
    642481,
    658871,
    708615,
    725264,
    776318,
    793157,
    842832,
    858686,
    909079
  ],
  "frame_rasterizer_begin_times": [
    0,
    51108,
    157532,
    275093,
    391415,
    413318,
    458584,
    481682,
    540774,
    548468,
    592667,
    613607,
    657611,
    681260,
    735619,
    748351,
    792964,
    814419,
    858567
  ],
  "average_vsync_transitions_missed": 1.0,
  "90th_percentile_vsync_transitions_missed": 1.0,
  "99th_percentile_vsync_transitions_missed": 1.0,
  "average_vsync_frame_lag": 0.0,
  "90th_percentile_vsync_frame_lag": 0.0,
  "99th_percentile_vsync_frame_lag": 0.0,
  "average_layer_cache_count": 0.0,
  "90th_percentile_layer_cache_count": 0.0,
  "99th_percentile_layer_cache_count": 0.0,
  "average_frame_request_pending_latency": 17161.20408163265,
  "90th_percentile_frame_request_pending_latency": 17196.0,
  "99th_percentile_frame_request_pending_latency": 76714.0,
  "worst_layer_cache_count": 0.0,
  "average_layer_cache_memory": 0.0,
  "90th_percentile_layer_cache_memory": 0.0,
  "99th_percentile_layer_cache_memory": 0.0,
  "worst_layer_cache_memory": 0.0,
  "average_picture_cache_count": 0.0,
  "90th_percentile_picture_cache_count": 0.0,
  "99th_percentile_picture_cache_count": 0.0,
  "worst_picture_cache_count": 0.0,
  "average_picture_cache_memory": 0.0,
  "90th_percentile_picture_cache_memory": 0.0,
  "99th_percentile_picture_cache_memory": 0.0,
  "worst_picture_cache_memory": 0.0,
  "total_ui_gc_time": 20.979,
  "30hz_frame_percentage": 0.0,
  "60hz_frame_percentage": 100.0,
  "80hz_frame_percentage": 0.0,
  "90hz_frame_percentage": 0.0,
  "120hz_frame_percentage": 0.0,
  "illegal_refresh_rate_frame_count": 0,
  "average_gpu_frame_time": 0.0,
  "90th_percentile_gpu_frame_time": 0.0,
  "99th_percentile_gpu_frame_time": 0.0,
  "worst_gpu_frame_time": 0.0,
  "average_gpu_memory_mb": 89.74046563157894,
  "90th_percentile_gpu_memory_mb": 91.836914,
  "99th_percentile_gpu_memory_mb": 134.024414,
  "worst_gpu_memory_mb": 134.024414
}