{
  "average_frame_build_time_millis": 4.82639393939394,
  "90th_percentile_frame_build_time_millis": 9.944,
  "99th_percentile_frame_build_time_millis": 11.965,
  "worst_frame_build_time_millis": 18.112,
  "missed_frame_build_budget_count": 1,
  "average_frame_rasterizer_time_millis": 1.9350899999999993,
  "stddev_frame_rasterizer_time_millis": 0.29046439999999984,
  "90th_percentile_frame_rasterizer_time_millis": 2.309,
  "99th_percentile_frame_rasterizer_time_millis": 3.335,
  "worst_frame_rasterizer_time_millis": 5.113,
  "missed_frame_rasterizer_budget_count": 0,
  "frame_count": 99,
  "frame_rasterizer_count": 100,
  "new_gen_gc_count": 34,
  "old_gen_gc_count": 4,
  "frame_build_times": [
    962,
    11965,
    1676,
    8326,
    1284,
    10657,
    810,
    7447,
    1070,
    7725,
    1001,
    11185,
    1183,
    7327,
    891,
    7195,
    1287,
    9138,
    1223,
    10483,
    939,
    7214,
    1809,
    7291,
    987,
    7257,
    1078,
    9642,
    1318,
    8419,
    1402,
    7184,
    2397,
    9988,
    1749,
    10250,
    978,
    7751,
    1202,
    8370,
    762,
    8838,
    1043,
    6613,
    947,
    7761,
    1297,
    9913,
    1009,
    6696,
    1270,
    6551,
    868,
    8874,
    1093,
    8823,
    1307,
    8818,
    1004,
    7555,
    924,
    7163,
    1173,
    7959,
    1212,
    9944,
    849,
    7513,
    1082,
    10898,
    902,
    6929,
    1253,
    9527,
    1269,
    8429,
    851,
    6976,
    1011,
    10451,
    855,
    7065,
    1191,
    8504,
    889,
    10377,
    993,
    18112,
    836,
    7680,
    1042,
    7368,
    877,
    7233,
    908,
    7531,
    920,
    6878,
    1137
  ],
  "frame_rasterizer_times": [
    1919,
    2030,
    5113,
    2763,
    2028,
    2342,
    1948,
    1804,
    1787,
    2216,
    1250,
    2286,
    1982,
    2457,
    1597,
    1801,
    1506,
    1621,
    2174,
    2542,
    2147,
    1660,
    1614,
    1758,
    1965,
    1989,
    1585,
    1956,
    1507,
    1727,
    2056,
    2302,
    1421,
    2133,
    2194,
    2217,
    2143,
    1791,
    3335,
    1914,
    1828,
    1682,
    1906,
    2095,
    1488,
    1848,
    1754,
    2547,
    1744,
    1594,
    1318,
    2391,
    1463,
    1788,
    2309,
    1466,
    2127,
    2201,
    1823,
    1890,
    2262,
    1944,
    2569,
    2059,
    1766,
    1831,
    1918,
    1820,
    2057,
    2039,
    2067,
    1813,
    1723,
    1631,
    1517,
    2537,
    1970,
    1584,
    1647,
    1874,
    1880,
    1650,
    1459,
    1805,
    1678,
    2040,
    1690,
    1635,
    1750,
    1456,
    1762,
    2301,
    1705,
    1750,
    1629,
    1985,
    1427,
    1979,
    1567,
    1891
  ],
  "frame_begin_times": [
    0,
    16224,
    66534,
    83096,
    133295,
    149988,
    200244,
    218691,
    266539,
    282645,
    332698,
    349922,
    399887,
    416445,
    466096,
    483111,
    532938,
    550096,
    599688,
    617337,
    666018,
    682776,
    733009,
    750149,
    800147,
    815699,
    866334,
    882686,
    933052,
    949927,
    1000053,
    1016117,
    1066456,
    1083219,
    1133400,
    1150284,
    1200479,
    1216018,
    1266523,
    1283211,
    1332896,
    1350346,
    1399773,
    1415891,
    1466702,
    1482637,
    1533198,
    1550338,
    1599998,
    1615897,
    1666386,
    1682555,
    1732600,
    1749916,
    1799998,
    1816303,
    1866691,
    1882788,
    1932616,
    1950181,
    1999758,
    2016451,
    2066468,
    2083109,
    2133202,
    2150088,
    2200170,
    2216201,
    2266259,
    2282933,
    2333034,
    2350084,
    2400260,
    2416035,
    2466334,
    2482656,
    2532583,
    2549905,
    2599667,
    2616230,
    2666356,
    2682960,
    2732920,
    2750301,
    2800058,
    2816342,
    2866393,
    2882835,
    2933146,
    2949931,
    2999860,
    3016114,
    3066324,
    3083068,
    3132776,
    3149978,
    3199999,
    3216213,
    3266258
  ],
  "frame_rasterizer_begin_times": [
    0,
    45481,
    66689,
    111740,
    132549,
    178532,
    200738,
    245116,
    267968,
    311420,
    331392,
    377568,
    400784,
    444836,
    465212,
    510968,
    531427,
    578110,
    600026,
    644770,
    668078,
    710871,
    730651,
    778219,
    798252,
    844879,
    863713,
    911998,
    932262,
    977996,
    998004,
    1045520,
    1064059,
    1111527,
    1133312,
    1179467,
    1201224,
    1245407,
    1265138,
    1311512,
    1332545,
    1378075,
    1399525,
    1444568,
    1463759,
    1511559,
    1530938,
    1578419,
    1599766,
    1644757,
    1664066,
    1711271,
    1730627,
    1777430,
    1798563,
    1844823,
    1864241,
    1911750,
    1931974,
    1977482,
    1998365,
    2044640,
    2064178,
    2111848,
    2131547,
    2178349,
    2199795,
    2244963,
    2264063,
    2311231,
    2332993,
    2378128,
    2398528,
    2445095,
    2465584,
    2511270,
    2531677,
    2577401,
    2598074,
    2644514,
    2666293,
    2711206,
    2731161,
    2778071,
    2799616,
    2844934,
    2867277,
    2911220,
    2930746,
    2978536,
    2998668,
    3044872,
    3064183,
    3111128,
    3131290,
    3178431,
    3198686,
    3244911,
    3264034,
    3311265
  ],
  "average_vsync_transitions_missed": 0.0,
  "90th_percentile_vsync_transitions_missed": 0.0,
  "99th_percentile_vsync_transitions_missed": 0.0,
  "average_vsync_frame_lag": 0.0,
  "90th_percentile_vsync_frame_lag": 0.0,
  "99th_percentile_vsync_frame_lag": 0.0,
  "average_layer_cache_count": 0.0,
  "90th_percentile_layer_cache_count": 0.0,
  "99th_percentile_layer_cache_count": 0.0,
  "average_frame_request_pending_latency": 13840.025252525253,
  "90th_percentile_frame_request_pending_latency": 16961.0,
  "99th_percentile_frame_request_pending_latency": 17602.0,
  "worst_layer_cache_count": 0.0,
  "average_layer_cache_memory": 0.0,
  "90th_percentile_layer_cache_memory": 0.0,
  "99th_percentile_layer_cache_memory": 0.0,
  "worst_layer_cache_memory": 0.0,
  "average_picture_cache_count": 0.0,
  "90th_percentile_picture_cache_count": 0.0,
  "99th_percentile_picture_cache_count": 0.0,
  "worst_picture_cache_count": 0.0,
  "average_picture_cache_memory": 0.0,
  "90th_percentile_picture_cache_memory": 0.0,
  "99th_percentile_picture_cache_memory": 0.0,
  "worst_picture_cache_memory": 0.0,
  "total_ui_gc_time": 36.802,
  "30hz_frame_percentage": 0.0,
  "60hz_frame_percentage": 100.0,
  "80hz_frame_percentage": 0.0,
  "90hz_frame_percentage": 0.0,
  "120hz_frame_percentage": 0.0,
  "illegal_refresh_rate_frame_count": 0,
  "average_gpu_frame_time": 0.0,
  "90th_percentile_gpu_frame_time": 0.0,
  "99th_percentile_gpu_frame_time": 0.0,
  "worst_gpu_frame_time": 0.0,
  "average_gpu_memory_mb": 87.01220699999992,
  "90th_percentile_gpu_memory_mb": 87.012207,
  "99th_percentile_gpu_memory_mb": 87.012207,
  "worst_gpu_memory_mb": 87.012207
}