{
  "average_frame_build_time_millis": 4.44970297029703,
  "90th_percentile_frame_build_time_millis": 8.92,
  "99th_percentile_frame_build_time_millis": 10.814,
  "worst_frame_build_time_millis": 11.456,
  "missed_frame_build_budget_count": 0,
  "average_frame_rasterizer_time_millis": 3.9192222222222233,
  "stddev_frame_rasterizer_time_millis": 0.504233445566779,
  "90th_percentile_frame_rasterizer_time_millis": 4.533,
  "99th_percentile_frame_rasterizer_time_millis": 7.04,
  "worst_frame_rasterizer_time_millis": 8.418,
  "missed_frame_rasterizer_budget_count": 0,
  "frame_count": 101,
  "frame_rasterizer_count": 99,
  "new_gen_gc_count": 34,
  "old_gen_gc_count": 4,
  "frame_build_times": [
    1552,
    10536,
    941,
    10814,
    967,
    9914,
    1202,
    6862,
    1068,
    8131,
    1035,
    9707,
    1187,
    6559,
    1185,
    10060,
    765,
    6654,
    963,
    8867,
    1195,
    8839,
    821,
    6111,
    1124,
    8582,
    1058,
    7757,
    989,
    8442,
    1102,
    11456,
    851,
    8458,
    768,
    6755,
    754,
    7906,
    1330,
    9869,
    959,
    7188,
    1204,
    7054,
    1044,
    8920,
    796,
    6519,
    1515,
    7315,
    791,
    6189,
    839,
    8718,
    821,
    6842,
    1144,
    7532,
    925,
    6933,
    942,
    7571,
    867,
    8101,
    960,
    9259,
    732,
    7556,
    843,
    6919,
    1059,
    7260,
    803,
    6882,
    885,
    7918,
    825,
    7509,
    898,
    10097,
    1628,
    10417,
    800,
    8640,
    869,
    7111,
    840,
    6941,
    1000,
    6114,
    1246,
    7101,
    820,
    6125,
    992,
    6410,
    875,
    8238,
    764,
    7360,
    859
  ],
  "frame_rasterizer_times": [
    4514,
    4020,
    8418,
    4719,
    5118,
    4261,
    3476,
    3462,
    4284,
    3917,
    3987,
    3693,
    3217,
    4249,
    3691,
    3952,
    3516,
    4079,
    4351,
    4326,
    4738,
    3388,
    3628,
    4672,
    4518,
    4156,
    4298,
    3085,
    4246,
    3758,
    3033,
    4032,
    4088,
    4248,
    3911,
    3948,
    3646,
    4597,
    3188,
    3641,
    3846,
    4074,
    4533,
    3600,
    4415,
    3402,
    2524,
    4344,
    4271,
    3919,
    3041,
    4403,
    4769,
    3558,
    2631,
    4269,
    2932,
    3008,
    3957,
    4445,
    4233,
    3577,
    2971,
    3942,
    3465,
    4094,
    3333,
    3896,
    3472,
    3170,
    7040,
    3626,
    3320,
    4232,
    3520,
    3959,
    3192,
    3388,
    4370,
    4681,
    4939,
    3620,
    3370,
    4214,
    3446,
    3836,
    4195,
    3560,
    2560,
    3751,
    4023,
    3724,
    3047,
    3670,
    3430,
    3432,
    3942,
    3862,
    3891
  ],
  "frame_begin_times": [
    0,
    17146,
    66489,
    83045,
    133075,
    149728,
    199816,
    216971,
    266919,
    283359,
    333457,
    349725,
    399650,
    416984,
    466818,
    483519,
    533047,
    549829,
    599812,
    616895,
    666766,
    683300,
    732922,
    749401,
    799637,
    816907,
    866591,
    883484,
    933225,
    949923,
    999400,
    1017171,
    1066704,
    1083329,
    1133207,
    1149972,
    1199704,
    1216706,
    1266469,
    1283534,
    1333505,
    1350308,
    1401142,
    1417168,
    1466597,
    1483485,
    1533364,
    1550190,
    1599840,
    1616756,
    1666765,
    1683344,
    1733184,
    1750153,
    1799928,
    1816154,
    1866592,
    1883305,
    1933154,
    1950062,
    1999833,
    2016963,
    2066422,
    2083370,
    2133599,
    2149774,
    2199635,
    2216694,
    2266629,
    2283378,
    2333237,
    2349902,
    2399432,
    2416830,
    2466915,
    2483515,
    2533133,
    2549710,
    2599947,
    2617045,
    2666911,
    2683056,
    2733204,
    2749574,
    2800946,
    2816880,
    2866183,
    2883219,
    2933027,
    2950036,
    3000044,
    3016869,
    3066688,
    3083006,
    3133022,
    3149675,
    3201230,
    3216988,
    3266752,
    3283640,
    3332919
  ],
  "frame_rasterizer_begin_times": [
    0,
    44689,
    66017,
    111283,
    131743,
    178350,
    198133,
    244944,
    265594,
    311545,
    330281,
    378016,
    398042,
    445251,
    466932,
    511028,
    530813,
    578345,
    600228,
    644878,
    665661,
    711307,
    730052,
    777901,
    798988,
    845125,
    864567,
    911216,
    932472,
    978461,
    1000921,
    1044806,
    1066159,
    1111247,
    1130983,
    1178296,
    1198989,
    1244811,
    1266555,
    1311565,
    1332488,
    1379752,
    1399051,
    1444720,
    1466545,
    1511415,
    1530942,
    1578307,
    1598624,
    1644924,
    1664204,
    1711270,
    1732830,
    1778070,
    1797190,
    1844757,
    1864068,
    1911320,
    1930989,
    1978318,
    1998852,
    2044468,
    2066232,
    2112074,
    2132274,
    2178274,
    2198239,
    2244715,
    2264399,
    2311307,
    2331031,
    2377940,
    2398066,
    2445490,
    2464826,
    2511170,
    2531602,
    2578028,
    2598132,
    2645942,
    2667022,
    2711238,
    2731494,
    2779083,
    2799392,
    2844232,
    2864376,
    2911130,
    2930674,
    2978952,
    2998136,
    3044778,
    3064044,
    3111127,
    3130651,
    3179688,
    3199296,
    3244756,
    3265157
  ],
  "average_vsync_transitions_missed": 0.0,
  "90th_percentile_vsync_transitions_missed": 0.0,
  "99th_percentile_vsync_transitions_missed": 0.0,
  "average_vsync_frame_lag": 0.0,
  "90th_percentile_vsync_frame_lag": 0.0,
  "99th_percentile_vsync_frame_lag": 0.0,
  "average_layer_cache_count": 0.0,
  "90th_percentile_layer_cache_count": 0.0,
  "99th_percentile_layer_cache_count": 0.0,
  "average_frame_request_pending_latency": 13997.595,
  "90th_percentile_frame_request_pending_latency": 16828.0,
  "99th_percentile_frame_request_pending_latency": 17416.0,
  "worst_layer_cache_count": 0.0,
  "average_layer_cache_memory": 0.0,
  "90th_percentile_layer_cache_memory": 0.0,
  "99th_percentile_layer_cache_memory": 0.0,
  "worst_layer_cache_memory": 0.0,
  "average_picture_cache_count": 0.0,
  "90th_percentile_picture_cache_count": 0.0,
  "99th_percentile_picture_cache_count": 0.0,
  "worst_picture_cache_count": 0.0,
  "average_picture_cache_memory": 0.0,
  "90th_percentile_picture_cache_memory": 0.0,
  "99th_percentile_picture_cache_memory": 0.0,
  "worst_picture_cache_memory": 0.0,
  "total_ui_gc_time": 34.541,
  "30hz_frame_percentage": 0.0,
  "60hz_frame_percentage": 100.0,
  "80hz_frame_percentage": 0.0,
  "90hz_frame_percentage": 0.0,
  "120hz_frame_percentage": 0.0,
  "illegal_refresh_rate_frame_count": 0,
  "average_gpu_frame_time": 0.0,
  "90th_percentile_gpu_frame_time": 0.0,
  "99th_percentile_gpu_frame_time": 0.0,
  "worst_gpu_frame_time": 0.0,
  "average_gpu_memory_mb": 87.01220699999992,
  "90th_percentile_gpu_memory_mb": 87.012207,
  "99th_percentile_gpu_memory_mb": 87.012207,
  "worst_gpu_memory_mb": 87.012207
}