{
  "average_frame_build_time_millis": 4.660999999999998,
  "90th_percentile_frame_build_time_millis": 9.488,
  "99th_percentile_frame_build_time_millis": 13.766,
  "worst_frame_build_time_millis": 20.159,
  "missed_frame_build_budget_count": 1,
  "average_frame_rasterizer_time_millis": 4.17657575757576,
  "stddev_frame_rasterizer_time_millis": 0.823350474441384,
  "90th_percentile_frame_rasterizer_time_millis": 5.033,
  "99th_percentile_frame_rasterizer_time_millis": 12.444,
  "worst_frame_rasterizer_time_millis": 16.021,
  "missed_frame_rasterizer_budget_count": 1,
  "frame_count": 101,
  "frame_rasterizer_count": 99,
  "new_gen_gc_count": 34,
  "old_gen_gc_count": 4,
  "frame_build_times": [
    1240,
    8815,
    1451,
    13766,
    1039,
    9782,
    1231,
    10316,
    846,
    6683,
    991,
    12162,
    1355,
    11196,
    928,
    7585,
    1184,
    9717,
    843,
    6769,
    889,
    9635,
    982,
    7546,
    956,
    9123,
    1259,
    8428,
    941,
    9368,
    723,
    6514,
    880,
    7388,
    1089,
    7461,
    926,
    9820,
    847,
    6610,
    862,
    8411,
    827,
    7361,
    1655,
    8854,
    900,
    8182,
    988,
    6765,
    807,
    7505,
    1096,
    7802,
    820,
    6888,
    1304,
    20159,
    1094,
    7657,
    966,
    7628,
    1149,
    8631,
    723,
    6147,
    755,
    7046,
    1157,
    9566,
    827,
    6527,
    956,
    7815,
    925,
    8312,
    767,
    6476,
    1926,
    6235,
    912,
    7066,
    1016,
    6645,
    1231,
    9488,
    1159,
    8936,
    815,
    6860,
    1333,
    6727,
    881,
    6960,
    789,
    8975,
    972,
    8020,
    889,
    6510,
    822
  ],
  "frame_rasterizer_times": [
    5428,
    4559,
    6779,
    4392,
    3630,
    5345,
    3557,
    2805,
    3511,
    4283,
    5134,
    4074,
    5033,
    3567,
    3945,
    4476,
    3523,
    3018,
    4288,
    4499,
    3491,
    3472,
    4427,
    3859,
    3911,
    4655,
    4228,
    4685,
    3666,
    3772,
    4121,
    4097,
    3342,
    3393,
    4741,
    3721,
    6436,
    4203,
    3591,
    3719,
    4362,
    3078,
    4138,
    3915,
    4026,
    3520,
    2703,
    3543,
    2994,
    3461,
    4208,
    3470,
    4022,
    3540,
    3509,
    4811,
    12444,
    4524,
    4510,
    3741,
    3252,
    3220,
    3751,
    3169,
    16021,
    3519,
    4172,
    4226,
    2856,
    3556,
    3292,
    3571,
    3322,
    3673,
    4189,
    3125,
    4937,
    6009,
    3047,
    4089,
    4056,
    3750,
    3282,
    4309,
    3540,
    4011,
    4168,
    4347,
    5286,
    3051,
    2590,
    4249,
    3600,
    3480,
    6193,
    4720,
    3391,
    3481,
    3086
  ],
  "frame_begin_times": [
    0,
    22454,
    66262,
    82756,
    132495,
    149305,
    199707,
    216194,
    265814,
    283762,
    332387,
    349373,
    399375,
    416502,
    465825,
    482406,
    532434,
    550048,
    599639,
    615881,
    665715,
    682414,
    732540,
    749031,
    799002,
    816154,
    865831,
    882726,
    932695,
    949344,
    999945,
    1016154,
    1065597,
    1083876,
    1132521,
    1154598,
    1199721,
    1216261,
    1266018,
    1282849,
    1332584,
    1349289,
    1399746,
    1416277,
    1465666,
    1482726,
    1532462,
    1549433,
    1599721,
    1615835,
    1666088,
    1682534,
    1732725,
    1749390,
    1799900,
    1816089,
    1858451,
    1866039,
    1916494,
    1932667,
    1982258,
    1999645,
    2049593,
    2066154,
    2115662,
    2132419,
    2182164,
    2199729,
    2250083,
    2266094,
    2316028,
    2332209,
    2382205,
    2400031,
    2450147,
    2466000,
    2515757,
    2532327,
    2582619,
    2599854,
    2649117,
    2666020,
    2715949,
    2732757,
    2782456,
    2799997,
    2849294,
    2866024,
    2915877,
    2932477,
    2983397,
    2999573,
    3049371,
    3066034,
    3116323,
    3132446,
    3182460,
    3199859,
    3249172,
    3265990,
    3315704
  ],
  "frame_rasterizer_begin_times": [
    0,
    40133,
    61480,
    105779,
    126844,
    173086,
    194180,
    239139,
    259773,
    305754,
    328655,
    373288,
    393699,
    439206,
    459187,
    505826,
    528230,
    572742,
    592021,
    639005,
    660140,
    705842,
    726587,
    772228,
    794340,
    839123,
    860310,
    906096,
    926983,
    973016,
    992315,
    1038841,
    1061316,
    1106062,
    1131622,
    1173010,
    1193703,
    1239305,
    1258902,
    1305780,
    1326658,
    1372961,
    1392277,
    1439129,
    1460516,
    1505791,
    1526804,
    1573303,
    1591705,
    1639245,
    1660156,
    1705985,
    1726543,
    1773166,
    1792527,
    1831895,
    1844407,
    1889878,
    1909129,
    1955876,
    1976130,
    2022993,
    2043183,
    2088794,
    2108491,
    2155869,
    2176005,
    2224280,
    2244226,
    2289251,
    2311104,
    2355986,
    2377321,
    2424320,
    2443130,
    2488942,
    2508562,
    2556100,
    2575921,
    2622414,
    2643656,
    2689134,
    2709034,
    2756065,
    2777907,
    2822638,
    2842595,
    2889039,
    2908667,
    2956801,
    2976109,
    3022722,
    3042445,
    3089657,
    3109976,
    3156206,
    3177608,
    3222422,
    3241891
  ],
  "average_vsync_transitions_missed": 1.0,
  "90th_percentile_vsync_transitions_missed": 1.0,
  "99th_percentile_vsync_transitions_missed": 1.0,
  "average_vsync_frame_lag": 0.0,
  "90th_percentile_vsync_frame_lag": 0.0,
  "99th_percentile_vsync_frame_lag": 0.0,
  "average_layer_cache_count": 0.0,
  "90th_percentile_layer_cache_count": 0.0,
  "99th_percentile_layer_cache_count": 0.0,
  "average_frame_request_pending_latency": 14043.939393939394,
  "90th_percentile_frame_request_pending_latency": 16907.0,
  "99th_percentile_frame_request_pending_latency": 20281.0,
  "worst_layer_cache_count": 0.0,
  "average_layer_cache_memory": 0.0,
  "90th_percentile_layer_cache_memory": 0.0,
  "99th_percentile_layer_cache_memory": 0.0,
  "worst_layer_cache_memory": 0.0,
  "average_picture_cache_count": 0.0,
  "90th_percentile_picture_cache_count": 0.0,
  "99th_percentile_picture_cache_count": 0.0,
  "worst_picture_cache_count": 0.0,
  "average_picture_cache_memory": 0.0,
  "90th_percentile_picture_cache_memory": 0.0,
  "99th_percentile_picture_cache_memory": 0.0,
  "worst_picture_cache_memory": 0.0,
  "total_ui_gc_time": 32.578,
  "30hz_frame_percentage": 0.0,
  "60hz_frame_percentage": 100.0,
  "80hz_frame_percentage": 0.0,
  "90hz_frame_percentage": 0.0,
  "120hz_frame_percentage": 0.0,
  "illegal_refresh_rate_frame_count": 0,
  "average_gpu_frame_time": 0.0,
  "90th_percentile_gpu_frame_time": 0.0,
  "99th_percentile_gpu_frame_time": 0.0,
  "worst_gpu_frame_time": 0.0,
  "average_gpu_memory_mb": 87.01220699999992,
  "90th_percentile_gpu_memory_mb": 87.012207,
  "99th_percentile_gpu_memory_mb": 87.012207,
  "worst_gpu_memory_mb": 87.012207
}