{
  "average_frame_build_time_millis": 4.568811881188119,
  "90th_percentile_frame_build_time_millis": 9.182,
  "99th_percentile_frame_build_time_millis": 10.81,
  "worst_frame_build_time_millis": 12.014,
  "missed_frame_build_budget_count": 0,
  "average_frame_rasterizer_time_millis": 1.9446500000000002,
  "stddev_frame_rasterizer_time_millis": 0.33429200000000014,
  "90th_percentile_frame_rasterizer_time_millis": 2.64,
  "99th_percentile_frame_rasterizer_time_millis": 4.079,
  "worst_frame_rasterizer_time_millis": 4.364,
  "missed_frame_rasterizer_budget_count": 0,
  "frame_count": 101,
  "frame_rasterizer_count": 100,
  "new_gen_gc_count": 18,
  "old_gen_gc_count": 2,
  "frame_build_times": [
    1160,
    10126,
    1570,
    12014,
    1579,
    9193,
    1603,
    9846,
    963,
    10448,
    883,
    7599,
    859,
    10502,
    985,
    6871,
    932,
    8740,
    1168,
    9046,
    1178,
    6276,
    1112,
    8096,
    882,
    7156,
    841,
    8967,
    1224,
    8388,
    855,
    6733,
    1136,
    9420,
    823,
    6375,
    1015,
    6882,
    903,
    7492,
    962,
    8847,
    1202,
    7558,
    799,
    6385,
    912,
    7077,
    894,
    7502,
    1172,
    7034,
    829,
    6349,
    905,
    8647,
    806,
    6351,
    1173,
    8535,
    853,
    9898,
    908,
    6218,
    1515,
    7939,
    868,
    6147,
    853,
    8461,
    943,
    8942,
    862,
    7682,
    1196,
    7631,
    822,
    6042,
    1056,
    8698,
    1037,
    9182,
    1287,
    8274,
    1233,
    10491,
    1174,
    8082,
    881,
    7757,
    908,
    7605,
    982,
    8311,
    897,
    7750,
    1128,
    8103,
    1252,
    10810,
    992
  ],
  "frame_rasterizer_times": [
    2034,
    2929,
    4364,
    2640,
    3258,
    2179,
    1806,
    4079,
    1516,
    1626,
    2131,
    2842,
    2023,
    1616,
    1714,
    2078,
    1940,
    2034,
    1990,
    1373,
    1719,
    2095,
    1894,
    1545,
    1735,
    2670,
    1670,
    2739,
    1780,
    1939,
    1609,
    1689,
    1902,
    2184,
    1645,
    1530,
    1808,
    1879,
    2052,
    1597,
    1671,
    1904,
    1987,
    1854,
    1285,
    1743,
    1408,
    1981,
    1392,
    1749,
    1934,
    1897,
    1259,
    2193,
    2111,
    1509,
    1618,
    1389,
    1759,
    1801,
    1853,
    1697,
    1295,
    2096,
    1713,
    1524,
    1605,
    2055,
    1455,
    1435,
    1782,
    1566,
    1670,
    2142,
    1546,
    1754,
    1727,
    1621,
    1931,
    1965,
    1859,
    1943,
    2756,
    1993,
    1678,
    2117,
    1519,
    1895,
    2286,
    1848,
    1795,
    1942,
    2296,
    1859,
    2038,
    1991,
    1527,
    2996,
    2178,
    3220
  ],
  "frame_begin_times": [
    0,
    17166,
    67161,
    83478,
    133499,
    149878,
    200111,
    216956,
    266401,
    283609,
    333208,
    350370,
    399912,
    417344,
    466753,
    483438,
    532852,
    549748,
    599798,
    617312,
    667240,
    683582,
    733227,
    749673,
    800553,
    817052,
    867231,
    883329,
    933206,
    949652,
    999714,
    1016841,
    1067197,
    1083707,
    1133117,
    1150177,
    1199886,
    1217030,
    1267377,
    1283796,
    1333358,
    1349882,
    1400081,
    1417324,
    1467189,
    1483877,
    1533482,
    1549648,
    1600098,
    1616700,
    1666510,
    1683380,
    1733315,
    1749607,
    1799743,
    1817262,
    1866981,
    1883396,
    1933690,
    1950004,
    1999750,
    2017211,
    2066982,
    2083439,
    2135704,
    2149793,
    2199599,
    2217142,
    2267003,
    2283574,
    2332708,
    2350038,
    2399607,
    2417159,
    2467088,
    2483392,
    2532936,
    2551377,
    2600010,
    2616840,
    2666733,
    2683600,
    2733595,
    2749978,
    2800250,
    2816858,
    2867139,
    2883402,
    2932973,
    2949827,
    3000085,
    3016946,
    3066858,
    3083616,
    3132930,
    3150037,
    3199891,
    3217230,
    3266892,
    3284143,
    3333181
  ],
  "frame_rasterizer_begin_times": [
    0,
    46138,
    66644,
    112683,
    132702,
    178828,
    200135,
    245086,
    267124,
    311535,
    331792,
    378122,
    401215,
    445108,
    465188,
    511186,
    532420,
    578301,
    600014,
    645664,
    664881,
    711725,
    732394,
    778915,
    798108,
    845515,
    866867,
    912239,
    932384,
    978117,
    998352,
    1045756,
    1066720,
    1111432,
    1131373,
    1178722,
    1198587,
    1245750,
    1265481,
    1311803,
    1333224,
    1378742,
    1399109,
    1445446,
    1464996,
    1511816,
    1531145,
    1578400,
    1598269,
    1645388,
    1665010,
    1711795,
    1731156,
    1778059,
    1800358,
    1845299,
    1864585,
    1912857,
    1932620,
    1978068,
    2001530,
    2045336,
    2064549,
    2114422,
    2132535,
    2177939,
    2198274,
    2245374,
    2266153,
    2311001,
    2333101,
    2377881,
    2399020,
    2445509,
    2466072,
    2511179,
    2532244,
    2578756,
    2599759,
    2645124,
    2666661,
    2712079,
    2731918,
    2778697,
    2799715,
    2845557,
    2866134,
    2911300,
    2931108,
    2978389,
    2998555,
    3045306,
    3066523,
    3111234,
    3131058,
    3179457,
    3200011,
    3246423,
    3268525,
    3311624
  ],
  "average_vsync_transitions_missed": 0.0,
  "90th_percentile_vsync_transitions_missed": 0.0,
  "99th_percentile_vsync_transitions_missed": 0.0,
  "average_vsync_frame_lag": 0.0,
  "90th_percentile_vsync_frame_lag": 0.0,
  "99th_percentile_vsync_frame_lag": 0.0,
  "average_layer_cache_count": 0.0,
  "90th_percentile_layer_cache_count": 0.0,
  "99th_percentile_layer_cache_count": 0.0,
  "average_frame_request_pending_latency": 13990.910891089108,
  "90th_percentile_frame_request_pending_latency": 16910.0,
  "99th_percentile_frame_request_pending_latency": 17477.0,
  "worst_layer_cache_count": 0.0,
  "average_layer_cache_memory": 0.0,
  "90th_percentile_layer_cache_memory": 0.0,
  "99th_percentile_layer_cache_memory": 0.0,
  "worst_layer_cache_memory": 0.0,
  "average_picture_cache_count": 0.0,
  "90th_percentile_picture_cache_count": 0.0,
  "99th_percentile_picture_cache_count": 0.0,
  "worst_picture_cache_count": 0.0,
  "average_picture_cache_memory": 0.0,
  "90th_percentile_picture_cache_memory": 0.0,
  "99th_percentile_picture_cache_memory": 0.0,
  "worst_picture_cache_memory": 0.0,
  "total_ui_gc_time": 17.187,
  "30hz_frame_percentage": 0.0,
  "60hz_frame_percentage": 100.0,
  "80hz_frame_percentage": 0.0,
  "90hz_frame_percentage": 0.0,
  "120hz_frame_percentage": 0.0,
  "illegal_refresh_rate_frame_count": 0,
  "average_gpu_frame_time": 0.0,
  "90th_percentile_gpu_frame_time": 0.0,
  "99th_percentile_gpu_frame_time": 0.0,
  "worst_gpu_frame_time": 0.0,
  "average_gpu_memory_mb": 87.01220699999992,
  "90th_percentile_gpu_memory_mb": 87.012207,
  "99th_percentile_gpu_memory_mb": 87.012207,
  "worst_gpu_memory_mb": 87.012207
}