{
  "average_frame_build_time_millis": 8.661055555555556,
  "90th_percentile_frame_build_time_millis": 14.106,
  "99th_percentile_frame_build_time_millis": 37.657,
  "worst_frame_build_time_millis": 37.657,
  "missed_frame_build_budget_count": 2,
  "average_frame_rasterizer_time_millis": 4.670055555555555,
  "stddev_frame_rasterizer_time_millis": 2.998641975308642,
  "90th_percentile_frame_rasterizer_time_millis": 8.665,
  "99th_percentile_frame_rasterizer_time_millis": 15.955,
  "worst_frame_rasterizer_time_millis": 15.955,
  "missed_frame_rasterizer_budget_count": 0,
  "frame_count": 18,
  "frame_rasterizer_count": 18,
  "new_gen_gc_count": 8,
  "old_gen_gc_count": 2,
  "frame_build_times": [
    31347,
    37657,
    2688,
    606,
    14106,
    1026,
    8653,
    1818,
    8983,
    2368,
    10274,
    1287,
    10938,
    1168,
    9681,
    1772,
    10419,
    1108
  ],
  "frame_rasterizer_times": [
    15955,
    14900,
    3067,
    3510,
    3860,
    8665,
    2397,
    1965,
    1988,
    2302,
    3362,
    6148,
    2566,
    3173,
    2389,
    2399,
    2085,
    3330
  ],
  "frame_begin_times": [
    0,
    176915,
    331409,
    448192,
    465176,
    514835,
    533641,
    581539,
    615481,
    665024,
    681377,
    731088,
    748594,
    799043,
    815391,
    864924,
    882384,
    931333
  ],
  "frame_rasterizer_begin_times": [
    0,
    180649,
    302068,
    417986,
    441218,
    485461,
    507805,
    552282,
    589813,
    636083,
    656104,
    701691,
    723057,
    769053,
    789817,
    834863,
    857212,
    902315
  ],
  "average_vsync_transitions_missed": 1.0,
  "90th_percentile_vsync_transitions_missed": 1.0,
  "99th_percentile_vsync_transitions_missed": 1.0,
  "average_vsync_frame_lag": 0.0,
  "90th_percentile_vsync_frame_lag": 0.0,
  "99th_percentile_vsync_frame_lag": 0.0,
  "average_layer_cache_count": 0.0,
  "90th_percentile_layer_cache_count": 0.0,
  "99th_percentile_layer_cache_count": 0.0,
  "average_frame_request_pending_latency": 18423.31914893617,
  "90th_percentile_frame_request_pending_latency": 25243.0,
  "99th_percentile_frame_request_pending_latency": 69014.0,
  "worst_layer_cache_count": 0.0,
  "average_layer_cache_memory": 0.0,
  "90th_percentile_layer_cache_memory": 0.0,
  "99th_percentile_layer_cache_memory": 0.0,
  "worst_layer_cache_memory": 0.0,
  "average_picture_cache_count": 0.0,
  "90th_percentile_picture_cache_count": 0.0,
  "99th_percentile_picture_cache_count": 0.0,
  "worst_picture_cache_count": 0.0,
  "average_picture_cache_memory": 0.0,
  "90th_percentile_picture_cache_memory": 0.0,
  "99th_percentile_picture_cache_memory": 0.0,
  "worst_picture_cache_memory": 0.0,
  "total_ui_gc_time": 13.077,
  "30hz_frame_percentage": 0.0,
  "60hz_frame_percentage": 100.0,
  "80hz_frame_percentage": 0.0,
  "90hz_frame_percentage": 0.0,
  "120hz_frame_percentage": 0.0,
  "illegal_refresh_rate_frame_count": 0,
  "average_gpu_frame_time": 0.0,
  "90th_percentile_gpu_frame_time": 0.0,
  "99th_percentile_gpu_frame_time": 0.0,
  "worst_gpu_frame_time": 0.0,
  "average_gpu_memory_mb": 89.62399627777778,
  "90th_percentile_gpu_memory_mb": 87.012207,
  "99th_percentile_gpu_memory_mb": 134.024414,
  "worst_gpu_memory_mb": 134.024414
}